date,GDP不变价:当季同比,中国:社会消费品零售总额:当月同比,中国:CPI:当月同比,中国:PPI:全部工业品:当月同比,中国:工业增加值:规模以上工业企业:当月同比,中国:出口金额:当月同比,中国:进口金额:当月同比,固定资产投资完成额:累计同比,房地产开发投资完成额:累计同比,固定资产投资完成额:制造业:累计同比,固定资产投资完成额:基础设施建设:累计同比,中国:M2:同比,中国:社会融资规模:当月值
2001-01-01,9.53,12.5,1.2,1.43,2.3,0.1,1.9,,,,,15.16,
2001-02-01,11.52,8.6,0.0,0.9,19.0,28.4,35.8,16.7,23.0,,,15.2,
2001-03-01,8.66,9.5,0.8,0.2,12.1,14.3,16.5,15.1,22.9,,,14.83,
2001-04-01,10.84,9.7,1.6,-0.1,11.5,11.1,19.1,16.5,22.8,,,13.94,
2001-05-01,8.11,11.1,1.7,-0.2,10.2,3.5,10.9,17.6,26.5,,,14.48,
2001-06-01,9.84,10.0,1.4,-0.6,10.1,-0.6,4.8,17.9,28.2,,,14.3,
2001-07-01,10.78,9.8,1.5,-1.3,8.1,6.2,7.5,18.4,31.6,,,13.5,
2001-08-01,11.01,9.6,1.0,-2.0,8.1,0.9,6.7,18.9,32.1,,,13.6,
2001-09-01,11.74,9.9,-0.1,-2.9,9.5,4.4,5.5,18.2,31.4,,,13.6,
2001-10-01,12.13,10.5,0.2,-3.1,8.8,0.1,-0.2,17.4,31.2,,,12.9,
2001-11-01,9.39,10.1,-0.3,-3.7,7.9,8.4,-3.7,16.3,29.7,,,13.2,
2001-12-01,10.33,9.6,-0.3,-4.0,8.7,11.5,4.6,13.7,25.3,,,14.4,
2002-01-01,9.78,7.9,-1.0,-4.2,18.6,29.2,21.9,19.1,27.75,,,13.1,-472.0
2002-02-01,8.35,9.1,0.0,-4.2,2.7,1.8,-12.7,24.5,30.2,,,13.0,289.0
2002-03-01,10.16,8.3,-0.8,-4.0,10.9,3.4,8.5,26.1,36.2,,,14.4,3136.0
2002-04-01,10.28,8.2,-1.3,-3.06,12.1,17.2,17.8,27.1,38.8,,,14.1,1151.0
2002-05-01,10.06,9.3,-1.1,-2.63,12.9,18.4,19.3,25.8,36.7,,,14.0,1774.0
2002-06-01,10.99,8.6,-0.8,-2.5,12.4,17.8,8.6,24.4,32.9,,,14.7,2621.0
2002-07-01,11.53,8.6,-0.9,-2.3,12.8,28.1,28.9,24.1,30.7,,,14.4,813.0
2002-08-01,9.67,8.8,-0.7,-1.7,12.7,25.0,23.0,24.2,30.0,,,15.5,1585.0
2002-09-01,11.05,9.1,-0.7,-1.4,13.8,33.1,36.4,24.3,29.4,,,16.5,3507.0
2002-10-01,10.83,9.4,-0.8,-1.0,14.2,31.5,33.4,24.1,29.8,,,17.0,795.0
2002-11-01,12.16,9.1,-0.7,-0.4,14.5,30.0,37.9,23.4,28.2,,,16.6,1805.0
2002-12-01,9.81,9.2,-0.4,0.4,14.9,30.2,28.4,17.4,21.9,,,16.78,3109.0
2003-01-01,9.87,10.0,0.4,2.4,14.8,37.3,63.4,25.1,29.45,,,19.3,3386.0
2003-02-01,8.77,8.5,0.2,4.0,19.8,27.8,49.4,32.8,37.0,,,18.1,998.0
2003-03-01,10.66,9.3,0.9,4.6,16.9,34.7,45.1,31.6,34.94,,,18.54,4041.0
2003-04-01,10.0,7.7,1.0,3.6,14.9,33.3,34.4,30.5,33.54,,,19.2,2622.0
2003-05-01,9.55,4.3,0.7,2.0,13.7,37.3,40.9,31.7,32.87,,,20.2,2971.0
2003-06-01,10.86,8.3,0.3,1.3,16.9,32.6,40.1,32.8,33.98,,,20.83,5842.0
2003-07-01,11.06,9.8,0.5,1.4,16.5,30.6,35.3,32.7,34.1,,,20.7,1344.0
2003-08-01,9.64,9.9,0.9,1.4,17.1,27.2,27.3,32.4,33.11,,,21.55,3321.0
2003-09-01,9.53,9.5,1.1,1.4,16.3,31.3,39.9,31.4,32.84,,,20.67,4040.0
2003-10-01,9.0,10.2,1.8,1.2,17.2,36.7,39.7,30.2,31.26,,,20.97,1218.0
2003-11-01,9.38,9.7,3.0,1.9,17.9,33.8,28.5,29.6,32.46,,,20.37,1832.0
2003-12-01,8.65,10.9,3.2,3.0,18.1,50.7,47.4,28.4,29.72,,,19.6,2498.0
2004-01-01,9.47,11.8,3.2,3.5,7.2,19.8,15.2,40.7,39.96,,,18.1,2114.0
2004-02-01,10.06,9.2,2.1,3.5,23.2,39.5,77.0,53.0,50.2,98.2,40.85,19.4,438.0
2004-03-01,10.31,11.1,3.0,4.0,19.4,42.9,42.8,47.8,41.1,75.8,42.92,19.1,6557.0
2004-04-01,12.06,13.2,3.8,5.0,19.1,32.4,42.9,42.8,34.6,65.1,41.95,19.1,2731.0
2004-05-01,11.61,17.8,4.4,5.7,17.5,32.8,35.4,34.8,32.0,51.3,34.61,17.5,2443.0
2004-06-01,7.95,13.9,5.0,6.4,16.2,46.5,50.5,31.0,28.7,42.0,33.43,16.2,3229.0
2004-07-01,9.87,13.2,5.3,6.4,15.5,33.9,34.2,31.1,28.6,41.9,33.25,15.3,590.0
2004-08-01,8.65,13.1,5.3,6.8,15.9,37.5,35.6,30.3,28.8,40.7,31.14,13.63,1501.0
2004-09-01,10.59,14.0,5.2,7.9,16.1,33.1,22.1,29.9,28.3,41.7,28.46,13.94,2981.0
2004-10-01,9.97,14.2,4.3,8.4,15.7,28.5,29.3,29.5,28.9,40.4,28.21,13.45,483.0
2004-11-01,8.8,13.9,2.8,8.1,14.8,45.9,38.5,28.9,29.2,39.2,27.51,14.0,1977.0
2004-12-01,10.01,14.5,2.4,7.1,14.4,32.7,24.6,27.6,28.1,36.3,24.86,14.6,3586.0
2005-01-01,10.62,11.5,1.9,5.8,20.9,42.1,23.9,26.05,27.55,28.05,29.74,14.13,3620.0
2005-02-01,9.17,15.8,3.9,5.38,7.6,30.0,-5.0,24.5,27.0,19.8,34.62,13.9,824.0
2005-03-01,9.83,13.9,2.7,5.6,15.1,32.8,18.6,25.3,26.7,25.6,30.53,14.0,4189.0
2005-04-01,10.23,12.2,1.8,5.78,16.0,31.9,16.2,25.7,25.9,28.8,27.68,14.1,1999.0
2005-05-01,10.86,12.8,1.8,5.9,16.6,30.3,15.0,26.4,24.3,31.7,25.01,14.6,1968.0
2005-06-01,9.92,12.9,1.6,5.2,16.8,30.6,15.1,27.1,23.5,35.1,26.17,15.67,4723.0
2005-07-01,11.06,12.7,1.8,5.2,16.1,28.7,12.4,27.2,23.5,35.1,26.48,16.3,629.0
2005-08-01,10.24,12.5,1.3,5.3,16.0,33.2,23.5,27.4,22.3,35.7,27.34,17.34,2097.0
2005-09-01,10.43,12.7,0.9,4.5,16.5,25.9,23.5,27.7,22.2,36.1,28.34,17.92,6041.0
2005-10-01,10.81,12.8,1.2,4.0,16.1,29.7,23.4,27.6,21.6,37.1,27.67,17.99,-974.0
2005-11-01,11.02,12.4,1.3,3.2,16.6,18.6,21.0,27.8,22.2,38.0,27.4,18.3,2368.0
2005-12-01,10.02,12.5,1.6,3.2,16.5,18.2,22.2,27.2,19.8,39.2,27.05,17.57,2524.0
2006-01-01,9.24,15.5,1.9,3.05,12.6,28.1,25.4,26.9,19.75,37.3,23.58,19.21,6323.0
2006-02-01,10.91,9.4,0.9,3.01,20.1,22.2,29.5,26.6,19.7,35.4,20.1,18.8,1737.0
2006-03-01,9.95,13.5,0.8,2.49,17.8,28.3,21.1,29.8,20.2,36.3,23.23,18.8,7472.0
2006-04-01,9.65,13.6,1.2,1.87,16.6,23.9,15.3,29.6,21.3,37.6,23.49,18.9,3325.0
2006-05-01,10.04,14.2,1.4,2.43,17.9,25.1,21.7,30.3,21.8,37.1,25.66,19.1,3785.0
2006-06-01,10.25,13.9,1.5,3.52,19.5,23.3,18.9,31.3,24.2,38.6,25.24,18.43,3843.0
2006-07-01,9.6,13.7,1.0,3.58,16.7,22.6,19.7,30.5,24.0,38.1,23.62,18.4,2254.0
2006-08-01,8.77,13.8,1.3,3.4,15.7,32.8,24.6,29.1,24.0,36.0,24.0,17.9,3362.0
2006-09-01,10.58,13.9,1.5,3.5,16.1,30.6,22.0,28.2,24.3,33.8,23.24,16.83,3077.0
2006-10-01,11.83,14.3,1.4,2.9,14.7,29.6,14.7,26.8,24.1,30.5,22.95,17.1,894.0
2006-11-01,8.9,14.1,1.9,2.78,14.9,32.8,18.3,26.6,24.0,30.1,22.94,16.8,2788.0
2006-12-01,10.9,14.6,2.8,3.1,14.7,24.8,13.5,24.3,21.8,29.1,21.36,16.94,3837.0
2007-01-01,7.8,12.7,2.2,3.3,24.71,33.24,27.44,23.85,23.05,27.75,23.22,15.93,6908.0
2007-02-01,8.21,16.9,2.7,2.6,12.6,51.82,12.91,23.4,24.3,26.4,25.07,17.8,3083.0
2007-03-01,8.98,15.3,3.3,2.7,17.6,7.09,14.7,25.3,26.9,31.7,20.32,17.3,6311.0
2007-04-01,9.73,15.5,3.0,2.9,17.4,26.7,21.46,25.5,27.4,32.4,18.35,17.1,6103.0
2007-05-01,9.42,15.9,3.4,2.8,18.1,28.67,19.19,25.9,27.5,35.5,16.91,16.74,3824.0
2007-06-01,9.06,16.0,4.4,2.49,19.4,27.16,14.46,26.7,28.5,34.7,18.19,17.06,7042.0
2007-07-01,11.87,16.4,5.6,2.4,18.0,34.22,26.83,26.6,28.9,35.1,17.75,18.5,3100.0
2007-08-01,7.5,17.1,6.5,2.6,17.5,22.76,19.81,26.7,29.0,35.7,17.24,18.1,6961.0
2007-09-01,7.24,17.0,6.2,2.7,18.9,22.6,15.62,26.4,30.3,35.6,17.52,18.45,5290.0
2007-10-01,9.38,18.1,6.5,3.2,17.9,22.26,25.27,26.9,31.4,36.5,17.18,18.47,3688.0
2007-11-01,8.63,18.8,6.9,4.55,17.3,22.68,25.06,26.8,31.8,37.2,16.81,18.45,3073.0
2007-12-01,11.12,20.2,6.5,5.43,17.4,21.59,25.48,25.8,30.2,34.7,16.19,16.72,4281.0
2008-01-01,6.13,21.2,7.1,6.1,15.4,26.75,27.65,25.05,31.55,35.25,9.88,18.94,10859.0
2008-02-01,1.16,19.1,8.7,6.62,15.4,6.34,35.62,24.3,32.9,35.8,3.56,17.48,4731.0
2008-03-01,5.51,21.5,8.3,7.95,17.8,30.42,25.01,25.9,32.3,31.9,11.6,16.29,6391.0
2008-04-01,6.69,22.0,8.5,8.12,15.7,22.06,26.79,25.7,32.1,31.2,12.88,16.94,7076.0
2008-05-01,8.34,21.6,7.7,8.22,16.0,28.3,40.67,25.6,31.9,30.5,13.84,18.07,5678.0
2008-06-01,5.21,23.0,7.1,8.84,16.0,17.34,31.36,26.8,33.5,31.4,16.33,17.37,5976.0
2008-07-01,7.11,23.3,6.3,10.03,14.7,26.9,33.67,27.3,30.9,32.2,18.51,16.35,4890.0
2008-08-01,8.11,23.2,4.9,10.06,12.8,21.51,22.93,27.4,29.1,33.0,18.47,16.0,4575.0
2008-09-01,7.15,23.2,4.6,9.13,11.4,21.72,20.99,27.6,26.5,33.4,19.34,15.29,5659.0
2008-10-01,4.44,22.0,4.0,6.59,8.2,19.29,15.15,27.2,24.6,32.8,20.49,15.02,1288.0
2008-11-01,6.41,20.8,2.4,1.99,5.4,-2.22,-18.14,26.8,22.7,32.2,20.35,14.8,4517.0
2008-12-01,6.25,19.0,1.2,-1.14,5.7,-2.93,-21.45,26.6,20.9,30.7,22.67,17.82,8164.0
2009-01-01,5.02,18.5,1.0,-3.35,-2.93,-17.56,-43.1,26.55,10.95,28.05,34.58,18.79,13990.0
2009-02-01,6.83,11.6,-1.6,-4.47,11.0,-25.75,-24.12,26.5,1.0,25.4,46.49,20.48,11131.0
2009-03-01,6.5,14.7,-1.2,-6.0,8.3,-17.23,-25.05,28.6,4.1,27.3,45.03,25.51,22011.0
2009-04-01,6.99,14.8,-1.5,-6.6,7.3,-22.76,-22.86,30.5,4.9,29.0,47.51,25.89,5452.0
2009-05-01,7.88,15.2,-1.4,-7.2,8.9,-26.51,-24.92,32.9,5.8,29.9,49.86,25.74,14959.0
2009-06-01,5.47,15.0,-1.7,-7.8,10.7,-21.32,-12.88,33.6,8.3,29.3,50.78,28.46,21067.0
2009-07-01,6.37,15.2,-1.8,-8.2,10.8,-22.98,-14.6,32.9,9.5,28.1,48.97,28.42,7388.0
2009-08-01,7.92,15.4,-1.2,-7.86,12.3,-23.43,-16.75,33.0,12.5,27.3,48.38,28.53,7650.0
2009-09-01,4.94,15.5,-0.8,-6.99,13.9,-15.28,-3.36,33.3,15.4,27.7,47.3,29.31,11871.0
2009-10-01,4.66,16.2,-0.5,-5.85,16.1,-13.92,-6.36,33.1,16.6,27.5,45.7,29.42,5985.0
2009-11-01,7.9,15.8,0.6,-2.08,19.2,-1.15,26.83,32.1,17.8,26.8,44.7,29.74,9501.0
2009-12-01,8.17,17.5,1.9,1.7,18.5,17.73,55.94,30.4,16.1,26.6,42.16,27.68,8100.0
2010-01-01,6.75,14.0,1.5,4.32,29.2,21.0,85.96,28.5,23.6,25.1,35.39,25.98,20550.0
2010-02-01,5.3,22.1,2.7,5.39,12.8,45.63,45.07,26.6,31.1,23.6,28.62,25.52,10877.0
2010-03-01,7.67,18.0,2.4,5.91,18.1,24.21,66.27,26.4,35.1,25.8,22.34,22.5,13830.0
2010-04-01,7.32,18.5,2.8,6.81,17.8,30.38,49.96,26.1,36.2,24.6,22.0,21.48,14919.0
2010-05-01,6.68,18.66,3.1,7.13,16.5,48.44,48.3,25.9,38.2,24.8,22.6,21.0,10805.0
2010-06-01,8.85,18.3,2.9,6.41,13.7,43.87,33.87,25.5,38.1,24.9,21.88,18.46,10196.0
2010-07-01,7.6,17.9,3.3,4.84,13.4,37.99,22.85,24.9,37.2,25.1,21.59,17.6,7202.0
2010-08-01,9.71,18.4,3.5,4.32,13.9,34.32,35.4,24.8,36.7,24.9,21.13,19.2,10646.0
2010-09-01,6.93,18.84,3.6,4.33,13.3,25.08,24.38,24.5,36.4,25.4,19.87,18.96,11224.0
2010-10-01,5.15,18.64,4.4,5.04,13.1,22.84,25.63,24.4,36.5,25.7,19.47,19.3,8608.0
2010-11-01,6.33,18.7,5.1,6.06,13.3,34.86,38.33,24.9,36.5,26.1,19.71,19.5,10554.0
2010-12-01,5.55,19.1,4.6,5.93,13.5,17.87,25.94,24.5,33.2,26.9,18.47,19.72,10780.0
2011-01-01,5.15,19.9,4.9,6.6,13.3,37.64,51.7,24.7,34.2,28.4,17.89,17.2,17560.0
2011-02-01,8.1,11.6,4.94,7.23,14.9,2.35,20.0,24.9,35.2,29.9,17.32,15.7,6468.0
2011-03-01,5.62,17.4,5.38,7.31,14.8,35.76,27.5,25.0,34.1,29.2,17.83,16.6,18212.0
2011-04-01,7.38,17.1,5.34,6.82,13.4,29.82,21.89,25.4,34.3,29.0,17.29,15.3,13673.0
2011-05-01,7.23,16.9,5.52,6.79,13.3,19.28,28.44,25.8,34.6,31.2,14.71,15.1,10854.0
2011-06-01,7.41,17.7,6.36,7.12,15.1,17.88,19.25,25.6,32.9,32.4,13.4,15.9,10873.0
2011-07-01,6.72,17.2,6.45,7.54,14.0,20.43,24.06,25.4,33.6,31.8,11.2,14.7,5393.0
2011-08-01,7.32,17.0,6.15,7.25,13.5,24.42,30.05,25.0,33.2,32.2,9.24,13.5,10741.0
2011-09-01,5.44,17.7,6.07,6.52,13.8,17.01,20.75,24.9,32.0,31.5,9.3,13.0,4279.0
2011-10-01,7.9,17.2,5.5,5.0,13.2,15.77,28.51,24.9,31.1,31.6,8.66,12.9,7908.0
2011-11-01,7.99,17.3,4.23,2.72,12.4,13.77,21.94,24.5,29.9,31.5,8.05,12.7,9581.0
2011-12-01,6.72,18.1,4.07,1.69,12.8,13.32,11.78,23.8,27.9,31.8,6.48,13.6,12744.0
2012-01-01,6.18,13.1,4.5,0.73,2.8,-0.55,-15.23,22.65,27.85,28.23,2.06,12.4,9754.0
2012-02-01,6.21,16.4,3.2,0.03,21.3,18.34,40.03,21.5,27.8,24.66,-2.36,13.0,10431.0
2012-03-01,4.67,15.2,3.6,-0.32,11.9,8.84,5.3,20.9,23.5,24.82,1.81,13.4,18704.0
2012-04-01,6.44,14.1,3.4,-0.7,9.3,4.84,0.14,20.2,18.7,24.36,3.27,12.8,9637.0
2012-05-01,7.82,13.8,3.0,-1.4,9.6,15.27,12.99,20.1,18.5,24.48,4.63,13.2,11432.0
2012-06-01,7.81,13.7,2.2,-2.08,9.5,11.08,6.07,20.4,16.6,24.55,8.26,13.6,17802.0
2012-07-01,6.29,13.1,1.8,-2.87,9.2,1.01,4.55,20.4,15.4,24.85,9.38,13.9,10522.0
2012-08-01,6.22,13.2,2.0,-3.48,8.9,2.67,-2.53,20.2,15.6,23.94,10.25,13.5,12475.0
2012-09-01,7.53,14.2,1.9,-3.55,9.2,9.75,2.36,20.5,15.4,23.48,12.55,14.8,16462.0
2012-10-01,5.5,14.5,1.7,-2.76,9.6,11.54,2.3,20.7,15.4,23.11,14.13,14.1,12906.0
2012-11-01,6.21,14.9,2.0,-2.2,10.1,2.84,0.09,20.7,16.7,22.75,13.95,13.9,11225.0
2012-12-01,6.87,15.2,2.5,-1.94,10.3,14.02,6.3,20.6,16.2,22.03,13.7,13.8,16282.0
2013-01-01,5.77,13.75,2.03,-1.64,17.7,24.97,29.59,20.9,19.5,19.51,18.45,15.9,25446.0
2013-02-01,7.11,12.3,3.22,-1.63,2.2,21.76,-15.02,21.2,22.8,17.0,23.2,15.2,10705.0
2013-03-01,6.86,12.6,2.07,-1.92,8.9,9.98,14.1,20.9,20.2,18.7,25.6,15.7,25503.0
2013-04-01,7.29,12.8,2.39,-2.62,9.3,14.59,16.6,20.6,21.1,18.4,24.04,16.1,17629.0
2013-05-01,6.69,12.89,2.1,-2.87,9.2,0.91,-0.51,20.4,20.6,17.8,24.13,15.8,11871.0
2013-06-01,6.57,13.31,2.67,-2.7,8.9,-3.11,-0.82,20.1,20.3,17.1,23.65,14.0,10375.0
2013-07-01,5.49,13.21,2.67,-2.27,9.7,5.09,10.91,20.1,20.5,17.08,23.87,14.5,8191.0
2013-08-01,8.06,13.37,2.57,-1.62,10.4,7.1,7.2,20.3,19.3,17.9,24.74,14.7,15841.0
2013-09-01,7.92,13.31,3.05,-1.34,10.2,-0.43,7.51,20.2,19.7,18.48,24.21,14.2,14120.0
2013-10-01,8.29,13.32,3.21,-1.51,10.3,5.57,7.54,20.1,19.2,19.06,23.14,14.3,8645.0
2013-11-01,7.68,13.72,3.02,-1.42,10.0,12.68,5.3,19.9,19.5,18.56,23.23,14.2,12310.0
2013-12-01,6.54,13.6,2.5,-1.36,9.7,4.15,8.34,19.6,19.8,18.46,21.21,13.6,12532.0
2014-01-01,7.15,12.71,2.49,-1.64,8.5,10.54,9.93,18.75,19.55,16.79,19.99,13.2,26004.0
2014-02-01,5.83,11.82,1.95,-2.0,8.8,-18.13,9.81,17.9,19.3,15.12,18.77,13.3,9370.0
2014-03-01,5.14,12.24,2.38,-2.3,8.8,-6.64,-11.47,17.6,16.8,15.2,20.88,12.1,20934.0
2014-04-01,4.79,11.9,1.8,-2.0,8.7,0.81,0.72,17.3,16.4,15.2,20.85,13.2,15259.0
2014-05-01,7.33,12.51,2.48,-1.45,8.8,7.07,-1.64,17.2,14.7,14.2,23.02,13.4,14013.0
2014-06-01,8.28,12.4,2.34,-1.11,9.2,7.19,5.37,17.3,14.1,14.8,22.84,14.7,19673.0
2014-07-01,6.49,12.22,2.29,-0.87,9.0,14.43,-1.64,17.0,13.7,14.6,22.61,13.5,2737.0
2014-08-01,8.13,11.9,1.99,-1.2,6.9,9.36,-2.41,16.5,13.2,14.1,21.57,12.8,9577.0
2014-09-01,7.51,11.57,1.63,-1.8,8.0,15.24,6.91,16.1,12.5,13.8,20.95,12.9,11355.0
2014-10-01,7.97,11.52,1.6,-2.24,7.7,11.59,4.42,15.9,12.4,13.5,21.38,12.6,6807.0
2014-11-01,5.6,11.72,1.44,-2.69,7.2,4.69,-6.85,15.8,11.9,13.5,20.88,12.3,11459.0
2014-12-01,5.65,11.89,1.51,-3.32,7.9,9.67,-2.54,15.7,10.5,13.5,20.29,12.2,16945.0
2015-01-01,4.99,11.3,0.76,-4.32,9.6,-3.46,-19.69,14.8,10.45,12.05,20.54,10.8,20516.0
2015-02-01,5.54,10.71,1.43,-4.8,3.6,48.13,-20.59,13.9,10.4,10.6,20.79,12.5,13609.0
2015-03-01,6.81,10.24,1.38,-4.56,5.6,-15.16,-12.53,13.5,8.5,10.4,22.83,11.6,12433.0
2015-04-01,8.1,10.0,1.51,-4.57,5.9,-6.66,-15.95,12.0,6.0,9.9,20.32,10.1,10582.0
2015-05-01,7.77,10.13,1.23,-4.61,6.1,-3.47,-17.39,11.4,5.1,10.0,18.66,10.8,12397.0
2015-06-01,8.2,10.63,1.39,-4.81,6.8,1.49,-6.79,11.4,4.6,9.7,19.19,11.8,18384.0
2015-07-01,6.38,10.51,1.65,-5.37,6.0,-9.2,-8.52,11.2,4.3,9.2,18.63,13.3,7511.0
2015-08-01,6.95,10.79,1.96,-5.92,6.1,-5.84,-13.87,10.9,3.5,8.93,18.79,13.3,11097.0
2015-09-01,6.64,10.9,1.6,-5.95,5.7,-4.05,-20.31,10.3,2.6,8.32,18.07,13.1,13571.0
2015-10-01,7.43,11.02,1.27,-5.9,5.6,-7.05,-18.73,10.2,2.0,8.34,17.41,13.5,5593.0
2015-11-01,7.55,11.17,1.49,-5.9,6.2,-7.08,-9.04,10.2,1.3,8.43,18.01,13.7,10255.0
2015-12-01,7.21,11.1,1.6,-5.9,5.9,-1.89,-7.89,10.0,1.0,8.1,17.29,13.3,18114.0
2016-01-01,4.41,10.65,1.8,-5.3,5.87,-15.25,-19.93,10.1,2.0,7.8,16.5,14.0,34758.0
2016-02-01,6.9,10.2,2.3,-4.9,4.91,-27.96,-13.76,10.2,3.0,7.5,15.71,13.3,8312.0
2016-03-01,3.8,10.5,2.3,-4.3,6.8,7.53,-8.14,10.7,6.2,6.4,19.25,13.4,23931.0
2016-04-01,4.15,10.1,2.33,-3.4,6.0,-5.24,-11.12,10.5,7.2,6.0,19.73,12.8,7809.0
2016-05-01,5.92,10.0,2.04,-2.8,6.0,-6.93,-0.59,9.6,7.0,4.6,19.75,11.8,6770.0
2016-06-01,6.61,10.6,1.88,-2.6,6.2,-6.83,-9.06,9.0,6.1,3.3,20.31,11.8,16479.0
2016-07-01,5.59,10.2,1.77,-1.7,6.0,-6.47,-12.54,8.1,5.3,3.0,18.71,10.2,4791.0
2016-08-01,6.24,10.6,1.34,-0.8,6.3,-3.74,1.66,8.1,5.4,2.8,18.32,11.4,14605.0
2016-09-01,4.32,10.7,1.92,0.1,6.1,-10.48,-1.59,8.2,5.8,3.1,17.92,11.5,17115.0
2016-10-01,7.37,10.0,2.1,1.2,6.1,-7.99,-1.7,8.3,6.6,3.1,17.59,11.6,8865.0
2016-11-01,8.63,10.8,2.25,3.3,6.2,-1.54,5.51,8.3,6.5,3.6,17.21,11.4,18328.0
2016-12-01,5.71,10.9,2.08,5.5,6.0,-6.29,3.65,8.1,6.9,4.2,15.71,11.3,16397.0
2017-01-01,6.04,10.2,2.55,6.9,2.94,6.42,16.93,8.5,7.9,4.25,18.49,10.7,37720.0
2017-02-01,4.39,9.5,0.8,7.8,10.32,-2.35,38.72,8.9,8.9,4.3,21.26,10.4,11055.0
2017-03-01,6.09,10.9,0.9,7.6,7.6,15.57,20.24,9.2,9.1,5.8,18.68,10.1,25472.0
2017-04-01,6.43,10.7,1.2,6.4,6.5,6.64,11.37,8.9,9.3,4.9,18.21,9.8,19559.0
2017-05-01,7.55,10.7,1.5,5.5,6.5,7.61,13.98,8.6,8.8,5.1,16.66,9.1,17812.0
2017-06-01,5.66,11.0,1.5,5.5,7.6,10.28,16.97,8.6,8.5,5.5,16.85,9.1,25886.0
2017-07-01,4.01,10.4,1.4,5.5,6.4,6.34,11.3,8.3,7.9,4.8,16.67,8.9,21188.0
2017-08-01,4.31,10.1,1.8,6.3,6.0,4.88,13.88,7.8,7.9,4.5,16.09,8.6,20486.0
2017-09-01,6.01,10.3,1.6,6.9,6.6,7.91,19.27,7.5,8.1,4.2,15.88,9.0,25439.0
2017-10-01,6.92,10.0,1.9,6.9,6.2,6.26,17.36,7.3,7.8,4.1,15.85,8.9,15861.0
2017-11-01,5.56,10.2,1.7,5.8,6.1,11.51,17.9,7.2,7.5,4.1,15.83,9.1,22956.0
2017-12-01,7.78,9.4,1.8,4.9,6.2,10.73,4.84,7.2,7.0,4.8,14.93,8.1,18103.0
2018-01-01,6.06,9.55,1.5,4.3,15.43,10.65,37.66,7.55,8.45,4.55,13.14,8.6,31417.0
2018-02-01,5.98,9.7,2.9,3.7,-2.12,43.5,6.59,7.9,9.9,4.3,11.34,8.8,12064.0
2018-03-01,8.06,10.1,2.1,3.1,6.0,-2.98,14.79,7.5,10.4,3.8,8.34,8.2,17091.0
2018-04-01,4.29,9.4,1.8,3.4,7.0,11.91,22.28,7.0,10.3,4.8,7.63,8.3,22243.0
2018-05-01,4.88,8.5,1.8,4.1,6.8,11.9,26.15,6.1,10.2,5.2,5.02,8.3,11234.0
2018-06-01,5.83,9.0,1.9,4.7,6.0,10.7,13.78,6.0,9.7,6.8,3.31,8.0,20373.0
2018-07-01,5.71,8.8,2.1,4.6,6.0,11.6,26.92,5.5,10.2,7.3,1.8,8.5,18382.0
2018-08-01,6.48,9.0,2.3,4.1,6.1,9.55,20.67,5.3,10.1,7.5,0.66,8.2,24078.0
2018-09-01,7.42,9.2,2.5,3.6,5.8,13.87,14.4,5.4,9.9,8.7,0.26,8.3,23061.0
2018-10-01,5.77,8.6,2.5,3.3,5.9,14.29,20.38,5.7,9.7,9.1,0.92,8.0,9538.0
2018-11-01,4.47,8.1,2.2,2.7,5.4,3.92,2.84,5.9,9.7,9.5,1.19,8.0,16127.0
2018-12-01,7.56,8.16,1.9,0.9,5.7,-4.61,-7.67,5.9,9.5,9.5,1.79,8.1,19311.0
2019-01-01,6.87,8.18,1.7,0.1,6.8,9.29,-0.82,6.0,10.55,7.7,2.15,8.4,46791.0
2019-02-01,5.66,8.2,1.5,0.1,3.36,-20.65,-4.32,6.1,11.6,5.9,2.5,8.0,9665.0
2019-03-01,5.59,8.7,2.3,0.4,8.5,13.99,-7.14,6.3,11.8,4.6,2.95,8.6,29602.0
2019-04-01,3.36,7.2,2.5,0.9,5.4,-2.68,4.52,6.1,11.9,2.5,2.97,8.5,16710.0
2019-05-01,7.81,8.6,2.7,0.6,5.0,1.1,-8.19,5.6,11.2,2.7,2.6,8.5,17124.0
2019-06-01,6.88,9.8,2.7,0.0,6.3,-1.45,-6.8,5.8,10.9,3.0,2.95,8.5,26243.0
2019-07-01,7.34,7.6,2.8,-0.3,4.8,3.44,-4.9,5.7,10.6,3.3,2.91,8.1,12872.0
2019-08-01,5.58,7.5,2.8,-0.8,4.4,-0.96,-5.5,5.5,10.5,2.6,3.19,8.2,21956.0
2019-09-01,5.37,7.8,3.0,-1.2,5.8,-3.19,-8.2,5.4,10.5,2.5,3.44,8.4,25142.0
2019-10-01,6.7,7.2,3.8,-1.6,4.7,-0.83,-6.11,5.2,10.3,2.6,3.26,8.4,8680.0
2019-11-01,7.35,8.0,4.5,-1.4,6.2,-1.27,1.0,5.2,10.2,2.5,3.47,8.2,19937.0
2019-12-01,5.77,8.0,4.5,-0.5,6.9,8.05,16.67,5.4,9.9,3.1,3.33,8.7,22013.0
2020-01-01,6.5,-6.25,5.4,0.1,-4.31,-2.94,-12.66,-9.55,-3.2,-14.2,-11.77,8.4,50535.0
2020-02-01,5.55,-20.5,5.2,-0.4,-25.87,-40.61,7.56,-24.5,-16.3,-31.5,-26.86,8.8,8737.0
2020-03-01,4.82,-15.8,4.3,-1.5,-1.1,-6.89,-1.36,-16.1,-7.7,-25.2,-16.36,10.1,51838.0
2020-04-01,6.89,-7.5,3.3,-3.1,3.9,3.04,-14.39,-10.3,-3.3,-18.8,-8.78,11.1,31027.0
2020-05-01,4.03,-2.8,2.4,-3.7,4.4,-3.5,-16.18,-6.3,-0.3,-14.8,-3.31,11.1,31866.0
2020-06-01,6.79,-1.8,2.5,-3.0,4.8,0.18,3.29,-3.1,1.9,-11.7,-0.07,11.1,34681.0
2020-07-01,5.94,-1.1,2.7,-2.4,4.8,6.79,-0.69,-1.6,3.4,-10.2,1.19,10.7,16928.0
2020-08-01,6.6,0.5,2.4,-2.0,5.6,9.08,-1.6,-0.3,4.6,-8.1,2.02,10.4,35853.0
2020-09-01,6.39,3.3,1.7,-2.1,6.9,9.35,13.47,0.8,5.6,-6.5,2.42,10.9,34693.0
2020-10-01,6.73,4.3,0.5,-2.1,6.9,10.92,4.83,1.8,6.3,-5.3,3.01,10.5,13929.0
2020-11-01,6.41,5.0,-0.5,-1.5,7.0,20.53,4.56,2.6,6.8,-3.5,3.32,10.7,21355.0
2020-12-01,6.2,4.6,0.2,-0.4,7.3,18.04,7.58,2.9,7.0,-2.2,3.41,10.1,17192.0
2021-01-01,4.63,19.2,-0.3,0.3,25.4,24.48,28.71,18.95,22.65,17.55,19.18,9.4,51884.0
2021-02-01,3.93,33.8,-0.2,1.7,52.34,154.28,18.97,35.0,38.3,37.3,34.95,10.1,17243.0
2021-03-01,5.65,34.2,0.4,4.4,14.1,30.32,39.12,25.6,25.6,29.8,26.76,9.4,33762.0
2021-04-01,5.74,17.7,0.9,6.8,9.8,31.89,44.05,19.9,21.6,23.8,16.91,8.1,18570.0
2021-05-01,3.64,12.4,1.3,9.0,8.8,27.52,52.19,15.4,18.3,20.4,10.36,8.3,19522.0
2021-06-01,6.68,12.1,1.1,8.8,8.3,31.69,37.28,12.6,15.0,19.2,7.15,8.6,37017.0
2021-07-01,4.87,8.5,1.0,9.0,6.4,18.76,28.27,10.3,12.7,17.3,4.19,8.3,10752.0
2021-08-01,5.75,2.5,0.8,9.5,5.3,25.09,32.41,8.9,10.9,15.7,2.58,8.2,29893.0
2021-09-01,6.66,4.4,0.7,10.7,3.1,27.7,16.67,7.3,8.8,14.8,1.52,8.3,29026.0
2021-10-01,5.93,4.9,1.5,13.5,3.5,26.62,20.01,6.1,7.2,14.2,0.72,8.7,16176.0
2021-11-01,4.48,3.9,2.3,12.9,3.8,21.49,31.32,5.2,6.0,13.7,-0.17,8.5,25983.0
2021-12-01,5.37,1.7,1.5,10.3,4.3,20.58,19.7,4.9,4.4,13.5,0.21,9.0,23580.0
2022-01-01,5.13,4.2,0.9,9.1,3.86,22.74,20.79,8.55,4.05,17.2,4.41,9.8,61759.0
2022-02-01,4.29,6.7,0.9,8.8,12.8,5.09,11.36,12.2,3.7,20.9,8.61,9.2,12170.0
2022-03-01,6.18,-3.53,1.5,8.3,5.0,13.44,0.45,9.3,0.7,15.6,10.48,9.7,46565.0
2022-04-01,6.69,-11.1,2.1,8.0,-2.9,2.23,0.02,6.8,-2.7,12.2,8.26,10.5,9327.0
2022-05-01,7.12,-6.7,2.1,6.4,0.7,15.45,3.35,6.2,-4.0,10.6,8.16,11.1,28415.0
2022-06-01,5.3,3.1,2.5,6.1,3.9,15.38,-0.33,6.1,-5.4,10.4,9.25,11.4,51926.0
2022-07-01,5.97,2.7,2.7,4.2,3.8,16.42,1.23,5.7,-6.4,9.9,9.58,12.0,7785.0
2022-08-01,6.26,5.4,2.5,2.3,4.2,5.87,-0.57,5.8,-7.4,10.0,10.37,12.2,24712.0
2022-09-01,5.96,2.5,2.8,0.9,6.3,4.45,-0.45,5.9,-8.0,10.1,11.2,12.1,35411.0
2022-10-01,3.85,-0.5,2.1,-1.3,5.0,-1.84,-1.31,5.8,-8.8,9.7,11.39,11.8,9134.0
2022-11-01,7.1,-5.9,1.6,-1.3,2.2,-10.38,-11.14,5.3,-9.8,9.3,11.65,12.4,19837.0
2022-12-01,4.34,-1.8,1.8,-0.7,1.3,-12.59,-7.53,5.1,-10.0,9.1,11.52,11.8,13063.0
2023-01-01,4.31,0.85,2.1,-0.8,-9.79,-12.02,-21.08,5.3,-7.85,8.6,11.85,12.6,59956.0
2023-02-01,4.26,3.5,1.0,-1.4,18.77,-2.87,4.24,5.5,-5.7,8.1,12.18,12.9,31610.0
2023-03-01,3.37,10.6,0.7,-2.5,3.9,10.84,-2.02,5.1,-5.8,7.0,10.82,12.7,53867.0
2023-04-01,5.94,18.4,0.1,-3.6,5.6,7.11,-8.82,4.7,-6.2,6.4,9.8,12.4,12249.0
2023-05-01,5.24,12.7,0.2,-4.6,3.5,-7.56,-5.28,4.0,-7.2,6.0,9.53,11.6,15560.0
2023-06-01,6.51,3.1,0.0,-5.4,4.4,-12.38,-7.08,3.8,-7.9,6.0,10.15,11.3,42265.0
2023-07-01,4.92,2.5,-0.3,-4.4,3.7,-14.26,-12.15,3.4,-8.5,5.7,9.41,10.7,5366.0
2023-08-01,5.91,4.6,0.1,-3.0,4.5,-8.55,-7.19,3.2,-8.8,5.9,8.96,10.6,31279.0
2023-09-01,3.37,5.5,0.0,-2.5,4.5,-6.85,-6.25,3.1,-9.1,6.2,8.64,10.3,41326.0
2023-10-01,5.58,7.6,-0.2,-2.6,4.6,-6.61,3.03,2.9,-9.3,6.2,8.27,10.3,18441.0
2023-11-01,6.36,10.1,-0.5,-3.0,6.6,0.69,-0.56,2.9,-9.4,6.3,7.96,10.0,24554.0
2023-12-01,5.98,7.4,-0.3,-2.7,6.8,2.15,0.29,3.0,-9.6,6.5,8.24,9.7,19326.0
2024-01-01,4.92,6.45,-0.8,-2.5,26.3,7.7,15.6,3.6,-9.3,7.95,8.6,8.7,64734.0
2024-02-01,5.92,5.5,0.7,-2.7,-12.7,6.25,-8.05,4.2,-9.0,9.4,8.96,8.7,14959.0
2024-03-01,4.49,3.1,0.1,-2.8,4.5,-7.68,-1.99,4.5,-9.5,9.9,8.75,8.3,48335.0
2024-04-01,5.22,2.3,0.3,-2.5,6.7,1.33,8.32,4.2,-9.8,9.7,7.78,7.2,-658.0
2024-05-01,6.07,3.7,0.3,-1.4,5.6,7.41,2.14,4.0,-10.1,9.6,6.68,7.0,20623.0
2024-06-01,4.1,2.0,0.2,-0.8,5.3,8.45,-2.55,3.9,-10.1,9.5,7.7,6.2,32985.0
2024-07-01,4.6,2.7,0.5,-0.8,5.1,6.93,6.67,3.6,-10.2,9.3,8.14,6.3,7707.0
2024-08-01,5.53,2.1,0.6,-1.8,4.5,8.6,0.07,3.4,-10.2,9.1,7.87,6.3,30323.0
2024-09-01,5.77,3.2,0.4,-2.8,5.4,2.35,0.16,3.4,-10.1,9.2,9.26,6.8,37635.0
2024-10-01,5.05,4.8,0.3,-2.9,5.3,12.65,-2.29,3.4,-10.3,9.3,9.35,7.5,14120.0
2024-11-01,5.47,3.0,0.2,-2.5,5.4,6.59,-3.88,3.3,-10.4,9.3,9.39,7.1,23288.0
2024-12-01,6.28,3.7,0.1,-2.3,6.2,10.7,0.93,3.2,-10.6,9.2,9.19,7.3,28507.0
2025-01-01,4.91,4.0,0.5,-2.3,-11.11,6.0,-16.4,3.65,-10.2,9.1,9.57,7.0,70546.0
2025-02-01,4.9,4.0,-0.7,-2.2,31.02,-3.0,1.5,4.1,-9.8,9.0,9.95,7.0,22375.0
2025-03-01,4.67,5.9,-0.1,-2.5,7.7,12.3,-4.4,4.2,-9.9,9.1,11.5,7.0,58894.0
2025-04-01,5.14,5.1,-0.1,-2.7,6.1,8.1,-0.2,4.0,-10.3,8.8,10.85,8.0,11591.0
2025-05-01,5.65,5.298763,0.026517,-2.433717,9.156081,10.716196,0.693968,3.908673,-10.26653,8.891644,10.45083,8.357535,26451.18
2025-06-01,5.09,3.852835,0.005073,-2.475196,8.96684,10.582466,0.057003,3.758764,-10.282563,8.890028,10.803592,8.291613,39045.637
2025-07-01,4.92,3.515288,0.036988,-2.376005,9.334371,9.865269,-0.005299,3.559792,-10.242566,8.858769,10.933804,8.380425,21501.643
2025-08-01,5.46,3.709798,0.093964,-2.408727,8.936795,11.018211,-0.140553,3.424815,-10.242931,8.84657,10.915665,8.462914,39260.06
2025-09-01,5.69,4.18,0.024497,-2.441749,9.19996,10.487627,-0.023596,3.346288,-10.271059,8.943491,11.066749,8.485263,42425.926
2025-10-01,6.51,4.967391,-0.007432,-2.464832,8.480653,11.551462,0.333288,3.235905,-10.365711,8.819511,10.941964,8.769627,28848.652
2025-11-01,5.57,4.898776,-0.066333,-2.449091,8.702235,10.718254,0.025717,3.182678,-10.37567,8.889221,10.847515,8.700003,37768.875
2025-12-01,5.13,4.817958,-0.098457,-2.347276,8.31079,11.065519,-0.010233,3.181646,-10.449669,8.803822,11.048986,8.899474,36805.92
